InvoiceDate,Revenue,Quantity,Num_Transactions,Revenue_lag_1,Quantity_lag_1,Revenue_lag_7,Quantity_lag_7,Revenue_lag_14,Quantity_lag_14,Revenue_rolling_7,Quantity_rolling_7,day_of_week,month,week_of_year,day
2009-12-01,43894.87,24335,2164,0.0,0.0,0.0,0.0,0.0,0.0,0.0,0.0,Tuesday,12,49,1
2009-12-02,52762.06,29679,2246,43894.87,24335.0,0.0,0.0,0.0,0.0,0.0,0.0,Wednesday,12,49,2
2009-12-03,67413.62,48009,2349,52762.06,29679.0,0.0,0.0,0.0,0.0,0.0,0.0,Thursday,12,49,3
2009-12-04,33913.81,19954,1890,67413.62,48009.0,0.0,0.0,0.0,0.0,0.0,0.0,Friday,12,49,4
2009-12-05,9803.05,5119,400,33913.81,19954.0,0.0,0.0,0.0,0.0,0.0,0.0,Saturday,12,49,5
2009-12-06,24390.1,11502,1862,9803.05,5119.0,0.0,0.0,0.0,0.0,0.0,0.0,Sunday,12,49,6
2009-12-07,33002.49,15557,1736,24390.1,11502.0,0.0,0.0,0.0,0.0,37882.857142857145,22022.14285714286,Monday,12,50,7
2009-12-08,44763.34,22241,1724,33002.49,15557.0,43894.87,24335.0,0.0,0.0,38006.92428571428,21723.0,Tuesday,12,50,8
2009-12-09,30763.170000000002,15881,1403,44763.34,22241.0,52762.06,29679.0,0.0,0.0,34864.22571428571,19751.85714285714,Wednesday,12,50,9
2009-12-10,38598.21,22534,1850,30763.170000000002,15881.0,67413.62,48009.0,0.0,0.0,30747.73857142857,16112.57142857143,Thursday,12,50,10
2009-12-11,39204.17,21212,1397,38598.21,22534.0,33913.81,19954.0,0.0,0.0,31503.504285714287,16292.285714285714,Friday,12,50,11
2009-12-12,0.0,0,0,39204.17,21212.0,9803.05,5119.0,0.0,0.0,30103.068571428572,15561.0,Saturday,12,50,12
2009-12-13,21577.35,12205,1698,0.0,0.0,24390.1,11502.0,0.0,0.0,29701.247142857144,15661.42857142857,Sunday,12,50,13
2009-12-14,51245.159999999996,40815,1900,21577.35,12205.0,33002.49,15557.0,0.0,0.0,32307.342857142852,19269.714285714286,Monday,12,51,14
2009-12-15,46836.63,26401,1576,51245.159999999996,40815.0,44763.34,22241.0,43894.87,24335.0,32603.527142857143,19864.0,Tuesday,12,51,15
2009-12-16,36927.3,22044,1713,46836.63,26401.0,30763.170000000002,15881.0,52762.06,29679.0,33484.11714285715,20744.428571428572,Wednesday,12,51,16
2009-12-17,29758.87,15031,1600,36927.3,22044.0,38598.21,22534.0,67413.62,48009.0,32221.354285714282,19672.571428571428,Thursday,12,51,17
2009-12-18,31562.72,15225,1102,29758.87,15031.0,39204.17,21212.0,33913.81,19954.0,31129.71857142857,18817.285714285714,Friday,12,51,18
2009-12-19,0.0,0,0,31562.72,15225.0,0.0,0.0,9803.05,5119.0,31129.71857142857,18817.285714285714,Saturday,12,51,19
2009-12-20,11355.19,6236,617,0.0,0.0,21577.35,12205.0,24390.1,11502.0,29669.41,17964.571428571428,Sunday,12,51,20
2009-12-21,15549.64,8446,433,11355.19,6236.0,51245.159999999996,40815.0,33002.49,15557.0,24570.05,13340.42857142857,Monday,12,52,21
2009-12-22,10696.59,11913,273,15549.64,8446.0,46836.63,26401.0,44763.34,22241.0,19407.187142857143,11270.714285714286,Tuesday,12,52,22
2009-12-23,9485.67,4321,339,10696.59,11913.0,36927.3,22044.0,30763.170000000002,15881.0,15486.954285714284,8738.857142857143,Wednesday,12,52,23
2009-12-24,0.0,0,0,9485.67,4321.0,29758.87,15031.0,38598.21,22534.0,11235.687142857143,6591.571428571428,Thursday,12,52,24
2009-12-25,0.0,0,0,0.0,0.0,31562.72,15225.0,39204.17,21212.0,6726.727142857142,4416.571428571428,Friday,12,52,25
2009-12-26,0.0,0,0,0.0,0.0,0.0,0.0,0.0,0.0,6726.727142857142,4416.571428571428,Saturday,12,52,26
2009-12-27,0.0,0,0,0.0,0.0,11355.19,6236.0,21577.35,12205.0,5104.557142857143,3525.714285714286,Sunday,12,52,27
2009-12-28,0.0,0,0,0.0,0.0,15549.64,8446.0,51245.159999999996,40815.0,2883.1800000000003,2319.1428571428573,Monday,12,53,28
2009-12-29,0.0,0,0,0.0,0.0,10696.59,11913.0,46836.63,26401.0,1355.0957142857144,617.2857142857143,Tuesday,12,53,29
2009-12-30,0.0,0,0,0.0,0.0,9485.67,4321.0,36927.3,22044.0,0.0,0.0,Wednesday,12,53,30
2009-12-31,0.0,0,0,0.0,0.0,0.0,0.0,29758.87,15031.0,0.0,0.0,Thursday,12,53,31
2010-01-01,0.0,0,0,0.0,0.0,0.0,0.0,31562.72,15225.0,0.0,0.0,Friday,1,53,1
2010-01-02,0.0,0,0,0.0,0.0,0.0,0.0,0.0,0.0,0.0,0.0,Saturday,1,53,2
2010-01-03,0.0,0,0,0.0,0.0,0.0,0.0,11355.19,6236.0,0.0,0.0,Sunday,1,53,3
2010-01-04,13415.09,10593,594,0.0,0.0,0.0,0.0,15549.64,8446.0,1916.4414285714286,1513.2857142857142,Monday,1,1,4
2010-01-05,19051.19,11288,894,13415.09,10593.0,0.0,0.0,10696.59,11913.0,4638.04,3125.8571428571427,Tuesday,1,1,5
2010-01-06,8731.26,7458,290,19051.19,11288.0,0.0,0.0,9485.67,4321.0,5885.362857142857,4191.285714285715,Wednesday,1,1,6
2010-01-07,72989.38,40592,970,8731.26,7458.0,0.0,0.0,0.0,0.0,16312.417142857144,9990.142857142857,Thursday,1,1,7
2010-01-08,30292.7,12694,703,72989.38,40592.0,0.0,0.0,0.0,0.0,20639.945714285717,11803.57142857143,Friday,1,1,8
2010-01-09,0.0,0,0,30292.7,12694.0,0.0,0.0,0.0,0.0,20639.945714285717,11803.57142857143,Saturday,1,1,9
2010-01-10,23157.33,13291,676,0.0,0.0,0.0,0.0,0.0,0.0,23948.135714285716,13702.285714285714,Sunday,1,1,10
2010-01-11,19684.49,9414,528,23157.33,13291.0,13415.09,10593.0,0.0,0.0,24843.76428571429,13533.857142857143,Monday,1,2,11
2010-01-12,38833.58,20782,816,19684.49,9414.0,19051.19,11288.0,0.0,0.0,27669.820000000003,14890.142857142857,Tuesday,1,2,12
2010-01-13,12391.1,6541,475,38833.58,20782.0,8731.26,7458.0,0.0,0.0,28192.65428571429,14759.142857142857,Wednesday,1,2,13
2010-01-14,23721.64,11788,1286,12391.1,6541.0,72989.38,40592.0,0.0,0.0,21154.405714285716,10644.285714285714,Thursday,1,2,14
2010-01-15,13499.55,8414,634,23721.64,11788.0,30292.7,12694.0,0.0,0.0,18755.38428571429,10032.857142857143,Friday,1,2,15
2010-01-16,0.0,0,0,13499.55,8414.0,0.0,0.0,0.0,0.0,18755.38428571429,10032.857142857143,Saturday,1,2,16
2010-01-17,17363.25,9910,1076,0.0,0.0,23157.33,13291.0,0.0,0.0,17927.658571428572,9549.857142857143,Sunday,1,2,17
2010-01-18,12078.84,8319,829,17363.25,9910.0,19684.49,9414.0,13415.09,10593.0,16841.137142857147,9393.42857142857,Monday,1,3,18
2010-01-19,21892.791,12939,1100,12078.84,8319.0,38833.58,20782.0,19051.19,11288.0,14421.02442857143,8273.0,Tuesday,1,3,19
2010-01-20,13244.34,8208,737,21892.791,12939.0,12391.1,6541.0,8731.26,7458.0,14542.915857142858,8511.142857142857,Wednesday,1,3,20
2010-01-21,27359.23,72900,1143,13244.34,8208.0,23721.64,11788.0,72989.38,40592.0,15062.571571428572,17241.428571428572,Thursday,1,3,21
2010-01-22,29345.83,16974,913,27359.23,72900.0,13499.55,8414.0,30292.7,12694.0,17326.32585714286,18464.285714285714,Friday,1,3,22
2010-01-23,0.0,0,0,29345.83,16974.0,0.0,0.0,0.0,0.0,17326.32585714286,18464.285714285714,Saturday,1,3,23
2010-01-24,15552.32,8700,1206,0.0,0.0,17363.25,9910.0,23157.33,13291.0,17067.621571428575,18291.428571428572,Sunday,1,3,24
2010-01-25,18346.54,9104,1215,15552.32,8700.0,12078.84,8319.0,19684.49,9414.0,17963.007285714288,18403.571428571428,Monday,1,4,25
2010-01-26,38570.37,22305,1155,18346.54,9104.0,21892.791,12939.0,38833.58,20782.0,20345.518571428573,19741.571428571428,Tuesday,1,4,26
2010-01-27,23722.72,16985,1003,38570.37,22305.0,13244.34,8208.0,12391.1,6541.0,21842.43,20995.428571428572,Wednesday,1,4,27
2010-01-28,18914.83,10855,1096,23722.72,16985.0,27359.23,72900.0,23721.64,11788.0,20636.087142857148,12131.857142857143,Thursday,1,4,28
2010-01-29,25382.441,9471,782,18914.83,10855.0,29345.83,16974.0,13499.55,8414.0,20069.888714285717,11060.0,Friday,1,4,29
2010-01-30,0.0,0,0,25382.441,9471.0,0.0,0.0,0.0,0.0,20069.888714285717,11060.0,Saturday,1,4,30
2010-01-31,18261.86,10557,1337,0.0,0.0,15552.32,8700.0,17363.25,9910.0,20456.965857142863,11325.285714285714,Sunday,1,4,31
2010-02-01,16606.931,8581,945,18261.86,10557.0,18346.54,9104.0,12078.84,8319.0,20208.45028571429,11250.57142857143,Monday,2,5,1
2010-02-02,19532.03,10543,1063,16606.931,8581.0,38570.37,22305.0,21892.791,12939.0,17488.687428571433,9570.285714285714,Tuesday,2,5,2
2010-02-03,17230.061,9369,920,19532.03,10543.0,23722.72,16985.0,13244.34,8208.0,16561.16471428572,8482.285714285714,Wednesday,2,5,3
2010-02-04,22486.01,12794,1481,17230.061,9369.0,18914.83,10855.0,27359.23,72900.0,17071.33328571429,8759.285714285714,Thursday,2,5,4
2010-02-05,19420.74,9889,652,22486.01,12794.0,25382.441,9471.0,29345.83,16974.0,16219.661714285718,8819.0,Friday,2,5,5
2010-02-06,0.0,0,0,19420.74,9889.0,0.0,0.0,0.0,0.0,16219.661714285716,8819.0,Saturday,2,5,6
2010-02-07,17023.920000000002,11179,791,0.0,0.0,18261.86,10557.0,15552.32,8700.0,16042.813142857147,8907.857142857143,Sunday,2,5,7
2010-02-08,13016.04,7043,874,17023.920000000002,11179.0,16606.931,8581.0,18346.54,9104.0,15529.828714285715,8688.142857142857,Monday,2,6,8
2010-02-09,18398.26,10629,885,13016.04,7043.0,19532.03,10543.0,38570.37,22305.0,15367.861571428573,8700.42857142857,Tuesday,2,6,9
2010-02-10,6082.34,3066,479,18398.26,10629.0,17230.061,9369.0,23722.72,16985.0,13775.330000000002,7800.0,Wednesday,2,6,10
2010-02-11,15061.87,9027,803,6082.34,3066.0,22486.01,12794.0,18914.83,10855.0,12714.738571428574,7261.857142857143,Thursday,2,6,11
2010-02-12,9728.96,7324,588,15061.87,9027.0,19420.74,9889.0,25382.441,9471.0,11330.198571428573,6895.428571428572,Friday,2,6,12
2010-02-13,0.0,0,0,9728.96,7324.0,0.0,0.0,0.0,0.0,11330.198571428573,6895.428571428572,Saturday,2,6,13
2010-02-14,17772.19,10892,1149,0.0,0.0,17023.920000000002,11179.0,18261.86,10557.0,11437.094285714285,6854.428571428572,Sunday,2,6,14
2010-02-15,42318.211,96358,854,17772.19,10892.0,13016.04,7043.0,16606.931,8581.0,15623.118714285714,19613.714285714286,Monday,2,7,15
2010-02-16,25669.010000000002,15744,1344,42318.211,96358.0,18398.26,10629.0,19532.03,10543.0,16661.797285714285,20344.428571428572,Tuesday,2,7,16
2010-02-17,26455.22,24986,984,25669.010000000002,15744.0,6082.34,3066.0,17230.061,9369.0,19572.208714285716,23475.85714285714,Wednesday,2,7,17
2010-02-18,35737.24,19851,1312,26455.22,24986.0,15061.87,9027.0,22486.01,12794.0,22525.833000000002,25022.14285714286,Thursday,2,7,18
2010-02-19,18931.99,10862,702,35737.24,19851.0,9728.96,7324.0,19420.74,9889.0,23840.551571428576,25527.571428571428,Friday,2,7,19
2010-02-20,0.0,0,0,18931.99,10862.0,0.0,0.0,0.0,0.0,23840.551571428576,25527.571428571428,Saturday,2,7,20
2010-02-21,11394.731,5555,907,0.0,0.0,17772.19,10892.0,17023.920000000002,11179.0,22929.486000000004,24765.14285714286,Sunday,2,7,21
2010-02-22,26336.24,13423,1104,11394.731,5555.0,42318.211,96358.0,13016.04,7043.0,20646.347285714288,12917.285714285714,Monday,2,8,22
2010-02-23,20840.01,11574,979,26336.24,13423.0,25669.010000000002,15744.0,18398.26,10629.0,19956.490142857143,12321.57142857143,Tuesday,2,8,23
2010-02-24,30392.661,21941,1040,20840.01,11574.0,26455.22,24986.0,6082.34,3066.0,20518.981714285714,11886.57142857143,Wednesday,2,8,24
2010-02-25,44604.16,26014,1328,30392.661,21941.0,35737.24,19851.0,15061.87,9027.0,21785.684571428574,12767.0,Thursday,2,8,25
2010-02-26,12778.641,6798,609,44604.16,26014.0,18931.99,10862.0,9728.96,7324.0,20906.63471428572,12186.42857142857,Friday,2,8,26
2010-02-27,0.0,0,0,12778.641,6798.0,0.0,0.0,0.0,0.0,20906.63471428572,12186.42857142857,Saturday,2,8,27
2010-02-28,16741.49,8419,1247,0.0,0.0,11394.731,5555.0,17772.19,10892.0,21670.45742857143,12595.57142857143,Sunday,2,8,28
2010-03-01,23933.87,21188,1002,16741.49,8419.0,26336.24,13423.0,42318.211,96358.0,21327.261714285713,13704.857142857143,Monday,3,9,1
2010-03-02,21667.8,11019,1033,23933.87,21188.0,20840.01,11574.0,25669.010000000002,15744.0,21445.517428571427,13625.57142857143,Tuesday,3,9,2
2010-03-03,31849.7,20031,1474,21667.8,11019.0,30392.661,21941.0,26455.22,24986.0,21653.66585714286,13352.714285714286,Wednesday,3,9,3
2010-03-04,29966.350000000002,18044,1633,31849.7,20031.0,44604.16,26014.0,35737.24,19851.0,19562.550142857148,12214.142857142857,Thursday,3,9,4
2010-03-05,25361.64,17947,1032,29966.350000000002,18044.0,12778.641,6798.0,18931.99,10862.0,21360.12142857143,13806.857142857143,Friday,3,9,5
2010-03-06,0.0,0,0,25361.64,17947.0,0.0,0.0,0.0,0.0,21360.12142857143,13806.857142857143,Saturday,3,9,6
2010-03-07,19034.6,10876,1715,0.0,0.0,16741.49,8419.0,11394.731,5555.0,21687.708571428575,14157.857142857143,Sunday,3,9,7
2010-03-08,26605.58,13876,949,19034.6,10876.0,23933.87,21188.0,26336.24,13423.0,22069.38142857143,13113.285714285714,Monday,3,10,8
2010-03-09,19665.69,11984,929,26605.58,13876.0,21667.8,11019.0,20840.01,11574.0,21783.36571428572,13251.142857142857,Tuesday,3,10,9
2010-03-10,22905.79,17302,1116,19665.69,11984.0,31849.7,20031.0,30392.661,21941.0,20505.66428571429,12861.285714285714,Wednesday,3,10,10
2010-03-11,21537.09,13706,995,22905.79,17302.0,29966.350000000002,18044.0,44604.16,26014.0,19301.484285714287,12241.57142857143,Thursday,3,10,11
2010-03-12,19123.05,10586,638,21537.09,13706.0,25361.64,17947.0,12778.641,6798.0,18410.257142857146,11190.0,Friday,3,10,12
2010-03-13,0.0,0,0,19123.05,10586.0,0.0,0.0,0.0,0.0,18410.257142857146,11190.0,Saturday,3,10,13
2010-03-14,8947.9,4927,649,0.0,0.0,19034.6,10876.0,16741.49,8419.0,16969.300000000003,10340.142857142857,Sunday,3,10,14
2010-03-15,20536.681,13990,1005,8947.9,4927.0,26605.58,13876.0,23933.87,21188.0,16102.314428571432,10356.42857142857,Monday,3,11,15
2010-03-16,21048.78,12256,988,20536.681,13990.0,19665.69,11984.0,21667.8,11019.0,16299.898714285717,10395.285714285714,Tuesday,3,11,16
2010-03-17,29543.78,78565,1088,21048.78,12256.0,22905.79,17302.0,31849.7,20031.0,17248.183,19147.14285714286,Wednesday,3,11,17
2010-03-18,37570.75,20574,1356,29543.78,78565.0,21537.09,13706.0,29966.350000000002,18044.0,19538.70585714286,20128.285714285714,Thursday,3,11,18
2010-03-19,35274.3,12780,1113,37570.75,20574.0,19123.05,10586.0,25361.64,17947.0,21846.027285714288,20441.714285714286,Friday,3,11,19
2010-03-20,0.0,0,0,35274.3,12780.0,0.0,0.0,0.0,0.0,21846.027285714288,20441.714285714286,Saturday,3,11,20
2010-03-21,20485.48,12262,1321,0.0,0.0,8947.9,4927.0,19034.6,10876.0,23494.253000000004,21489.571428571428,Sunday,3,11,21
2010-03-22,21494.16,12051,1086,20485.48,12262.0,20536.681,13990.0,26605.58,13876.0,23631.035714285714,21212.571428571428,Monday,3,12,22
2010-03-23,41826.29,54157,1103,21494.16,12051.0,21048.78,12256.0,19665.69,11984.0,26599.25142857143,27198.428571428572,Tuesday,3,12,23
2010-03-24,25970.5,13663,1194,41826.29,54157.0,29543.78,78565.0,22905.79,17302.0,26088.782857142858,17926.714285714286,Wednesday,3,12,24
2010-03-25,30503.38,16603,1582,25970.5,13663.0,37570.75,20574.0,21537.09,13706.0,25079.158571428572,17359.428571428572,Thursday,3,12,25
2010-03-26,29867.35,20215,1051,30503.38,16603.0,35274.3,12780.0,19123.05,10586.0,24306.737142857142,18421.571428571428,Friday,3,12,26
2010-03-27,0.0,0,0,29867.35,20215.0,0.0,0.0,0.0,0.0,24306.737142857146,18421.571428571428,Saturday,3,12,27
2010-03-28,22402.0,14517,1791,0.0,0.0,20485.48,12262.0,8947.9,4927.0,24580.52571428572,18743.714285714286,Sunday,3,12,28
2010-03-29,31740.38,18251,1262,22402.0,14517.0,21494.16,12051.0,20536.681,13990.0,26044.271428571432,19629.428571428572,Monday,3,13,29
2010-03-30,33524.51,18224,1338,31740.38,18251.0,41826.29,54157.0,21048.78,12256.0,24858.302857142855,14496.142857142857,Tuesday,3,13,30
2010-03-31,24591.07,12506,1339,33524.51,18224.0,25970.5,13663.0,29543.78,78565.0,24661.24142857143,14330.857142857143,Wednesday,3,13,31
2010-04-01,28646.66,16895,1438,24591.07,12506.0,30503.38,16603.0,37570.75,20574.0,24395.995714285713,14372.57142857143,Thursday,4,13,1
2010-04-02,0.0,0,0,28646.66,16895.0,29867.35,20215.0,35274.3,12780.0,20129.23142857143,11484.714285714286,Friday,4,13,2
2010-04-03,0.0,0,0,0.0,0.0,0.0,0.0,0.0,0.0,20129.23142857143,11484.714285714286,Saturday,4,13,3
2010-04-04,0.0,0,0,0.0,0.0,22402.0,14517.0,20485.48,12262.0,16928.945714285717,9410.857142857143,Sunday,4,13,4
2010-04-05,0.0,0,0,0.0,0.0,31740.38,18251.0,21494.16,12051.0,12394.605714285717,6803.571428571428,Monday,4,14,5
2010-04-06,17900.83,12715,890,0.0,0.0,33524.51,18224.0,41826.29,54157.0,10162.651428571431,6016.571428571428,Tuesday,4,14,6
2010-04-07,32146.75,22970,1067,17900.83,12715.0,24591.07,12506.0,25970.5,13663.0,11242.034285714288,7511.428571428572,Wednesday,4,14,7
2010-04-08,39866.6,25830,1504,32146.75,22970.0,28646.66,16895.0,30503.38,16603.0,12844.882857142858,8787.857142857143,Thursday,4,14,8
2010-04-09,14668.53,8676,703,39866.6,25830.0,0.0,0.0,29867.35,20215.0,14940.387142857144,10027.285714285714,Friday,4,14,9
2010-04-10,0.0,0,0,14668.53,8676.0,0.0,0.0,0.0,0.0,14940.387142857144,10027.285714285714,Saturday,4,14,10
2010-04-11,19732.05,11585,1074,0.0,0.0,0.0,0.0,22402.0,14517.0,17759.25142857143,11682.285714285714,Sunday,4,14,11
2010-04-12,25912.471,12188,872,19732.05,11585.0,0.0,0.0,31740.38,18251.0,21461.033,13423.42857142857,Monday,4,15,12
2010-04-13,25736.04,14373,1186,25912.471,12188.0,17900.83,12715.0,33524.51,18224.0,22580.348714285716,13660.285714285714,Tuesday,4,15,13
2010-04-14,27054.25,16322,1063,25736.04,14373.0,32146.75,22970.0,24591.07,12506.0,21852.848714285716,12710.57142857143,Wednesday,4,15,14
2010-04-15,19538.34,10700,1090,27054.25,16322.0,39866.6,25830.0,28646.66,16895.0,18948.811571428574,10549.142857142857,Thursday,4,15,15
2010-04-16,19363.82,14781,831,19538.34,10700.0,14668.53,8676.0,0.0,0.0,19619.56728571429,11421.285714285714,Friday,4,15,16
2010-04-17,0.0,0,0,19363.82,14781.0,0.0,0.0,0.0,0.0,19619.56728571429,11421.285714285714,Saturday,4,15,17
2010-04-18,23934.46,12961,1428,0.0,0.0,19732.05,11585.0,0.0,0.0,20219.911571428576,11617.857142857143,Sunday,4,15,18
2010-04-19,24561.04,14564,1146,23934.46,12961.0,25912.471,12188.0,0.0,0.0,20026.850000000002,11957.285714285714,Monday,4,16,19
2010-04-20,21202.35,12416,1213,24561.04,14564.0,25736.04,14373.0,17900.83,12715.0,19379.18,11677.714285714286,Tuesday,4,16,20
2010-04-21,25873.86,11566,1084,21202.35,12416.0,27054.25,16322.0,32146.75,22970.0,19210.552857142862,10998.285714285714,Wednesday,4,16,21
2010-04-22,35741.2,21229,1201,25873.86,11566.0,19538.34,10700.0,39866.6,25830.0,21525.247142857144,12502.42857142857,Thursday,4,16,22
2010-04-23,14969.64,9829,915,35741.2,21229.0,19363.82,14781.0,14668.53,8676.0,20897.507142857146,11795.0,Friday,4,16,23
2010-04-24,0.0,0,0,14969.64,9829.0,0.0,0.0,0.0,0.0,20897.507142857146,11795.0,Saturday,4,16,24
2010-04-25,16574.53,8380,1288,0.0,0.0,23934.46,12961.0,19732.05,11585.0,19846.088571428576,11140.57142857143,Sunday,4,16,25
2010-04-26,29734.03,17979,1384,16574.53,8380.0,24561.04,14564.0,25912.471,12188.0,20585.087142857144,11628.42857142857,Monday,4,17,26
2010-04-27,43534.06,22759,1368,29734.03,17979.0,21202.35,12416.0,25736.04,14373.0,23775.33142857143,13106.0,Tuesday,4,17,27
2010-04-28,31181.87,19058,1556,43534.06,22759.0,25873.86,11566.0,27054.25,16322.0,24533.618571428575,14176.285714285714,Wednesday,4,17,28
2010-04-29,29575.671,16370,1670,31181.87,19058.0,35741.2,21229.0,19538.34,10700.0,23652.828714285715,13482.142857142857,Thursday,4,17,29
2010-04-30,24532.95,16441,860,29575.671,16370.0,14969.64,9829.0,19363.82,14781.0,25019.01585714286,14426.714285714286,Friday,4,17,30
2010-05-01,0.0,0,0,24532.95,16441.0,0.0,0.0,0.0,0.0,25019.01585714286,14426.714285714286,Saturday,5,17,1
2010-05-02,12342.17,6296,831,0.0,0.0,16574.53,8380.0,23934.46,12961.0,24414.393000000004,14129.0,Sunday,5,17,2
2010-05-03,0.0,0,0,12342.17,6296.0,29734.03,17979.0,24561.04,14564.0,20166.67442857143,11560.57142857143,Monday,5,18,3
2010-05-04,18945.33,10501,986,0.0,0.0,43534.06,22759.0,21202.35,12416.0,16653.998714285717,9809.42857142857,Tuesday,5,18,4
2010-05-05,23625.22,14814,1064,18945.33,10501.0,31181.87,19058.0,25873.86,11566.0,15574.477285714287,9203.142857142857,Wednesday,5,18,5
2010-05-06,51704.13,30422,1690,23625.22,14814.0,29575.671,16370.0,35741.2,21229.0,18735.685714285715,11210.57142857143,Thursday,5,18,6
2010-05-07,31976.09,22834,1174,51704.13,30422.0,24532.95,16441.0,14969.64,9829.0,19798.99142857143,12123.857142857143,Friday,5,18,7
2010-05-08,0.0,0,0,31976.09,22834.0,0.0,0.0,0.0,0.0,19798.99142857143,12123.857142857143,Saturday,5,18,8
2010-05-09,22852.06,11825,1691,0.0,0.0,12342.17,6296.0,16574.53,8380.0,21300.40428571429,12913.714285714286,Sunday,5,18,9
2010-05-10,26496.43,14734,1241,22852.06,11825.0,0.0,0.0,29734.03,17979.0,25085.608571428573,15018.57142857143,Monday,5,19,10
2010-05-11,25201.04,17134,1312,26496.43,14734.0,18945.33,10501.0,43534.06,22759.0,25979.28142857143,15966.142857142857,Tuesday,5,19,11
2010-05-12,29744.74,21360,1093,25201.04,17134.0,23625.22,14814.0,31181.87,19058.0,26853.49857142857,16901.285714285714,Wednesday,5,19,12
2010-05-13,38966.0,26351,1117,29744.74,21360.0,51704.13,30422.0,29575.671,16370.0,25033.76571428572,16319.714285714286,Thursday,5,19,13
2010-05-14,16895.24,13848,608,38966.0,26351.0,31976.09,22834.0,24532.95,16441.0,22879.358571428576,15036.0,Friday,5,19,14
2010-05-15,0.0,0,0,16895.24,13848.0,0.0,0.0,0.0,0.0,22879.358571428576,15036.0,Saturday,5,19,15
2010-05-16,18370.09,11028,1467,0.0,0.0,22852.06,11825.0,12342.17,6296.0,22239.077142857142,14922.142857142857,Sunday,5,19,16
2010-05-17,23290.76,13483,1146,18370.09,11028.0,26496.43,14734.0,0.0,0.0,21781.12428571429,14743.42857142857,Monday,5,20,17
2010-05-18,26164.58,21947,1167,23290.76,13483.0,25201.04,17134.0,18945.33,10501.0,21918.772857142863,15431.0,Tuesday,5,20,18
2010-05-19,16575.5,9421,1050,26164.58,21947.0,29744.74,21360.0,23625.22,14814.0,20037.45285714286,13725.42857142857,Wednesday,5,20,19
2010-05-20,25331.44,15470,1560,16575.5,9421.0,38966.0,26351.0,51704.13,30422.0,18089.658571428572,12171.0,Thursday,5,20,20
2010-05-21,22494.36,9052,768,25331.44,15470.0,16895.24,13848.0,31976.09,22834.0,18889.532857142858,11485.857142857143,Friday,5,20,21
2010-05-22,0.0,0,0,22494.36,9052.0,0.0,0.0,0.0,0.0,18889.532857142858,11485.857142857143,Saturday,5,20,22
2010-05-23,24824.93,13755,1268,0.0,0.0,18370.09,11028.0,22852.06,11825.0,19811.652857142857,11875.42857142857,Sunday,5,20,23
2010-05-24,33536.19,32351,1191,24824.93,13755.0,23290.76,13483.0,26496.43,14734.0,21275.285714285717,14570.857142857143,Monday,5,21,24
2010-05-25,20415.92,14606,1148,33536.19,32351.0,26164.58,21947.0,25201.04,17134.0,20454.048571428575,13522.142857142857,Tuesday,5,21,25
2010-05-26,29586.64,18023,1224,20415.92,14606.0,16575.5,9421.0,29744.74,21360.0,22312.782857142858,14751.0,Wednesday,5,21,26
2010-05-27,29221.670000000002,17496,1773,29586.64,18023.0,25331.44,15470.0,38966.0,26351.0,22868.530000000002,15040.42857142857,Thursday,5,21,27
2010-05-28,18569.88,12005,894,29221.670000000002,17496.0,22494.36,9052.0,16895.24,13848.0,22307.890000000007,15462.285714285714,Friday,5,21,28
2010-05-29,0.0,0,0,18569.88,12005.0,0.0,0.0,0.0,0.0,22307.890000000007,15462.285714285714,Saturday,5,21,29
2010-05-30,10702.97,6204,770,0.0,0.0,24824.93,13755.0,18370.09,11028.0,20290.467142857146,14383.57142857143,Sunday,5,21,30
2010-05-31,0.0,0,0,10702.97,6204.0,33536.19,32351.0,23290.76,13483.0,15499.582857142857,9762.0,Monday,5,22,31
2010-06-01,13093.79,7769,887,0.0,0.0,20415.92,14606.0,26164.58,21947.0,14453.564285714287,8785.285714285714,Tuesday,6,22,1
2010-06-02,13714.76,11289,660,13093.79,7769.0,29586.64,18023.0,16575.5,9421.0,12186.15285714286,7823.285714285715,Wednesday,6,22,2
2010-06-03,26644.63,16947,1309,13714.76,11289.0,29221.670000000002,17496.0,25331.44,15470.0,11818.004285714287,7744.857142857143,Thursday,6,22,3
2010-06-04,11447.73,6389,479,26644.63,16947.0,18569.88,12005.0,22494.36,9052.0,10800.554285714288,6942.571428571428,Friday,6,22,4
2010-06-05,0.0,0,0,11447.73,6389.0,0.0,0.0,0.0,0.0,10800.554285714288,6942.571428571428,Saturday,6,22,5
2010-06-06,25457.15,14079,2153,0.0,0.0,10702.97,6204.0,24824.93,13755.0,12908.294285714288,8067.571428571428,Sunday,6,22,6
2010-06-07,45523.11,28736,2181,25457.15,14079.0,0.0,0.0,33536.19,32351.0,19411.595714285715,12172.714285714286,Monday,6,23,7
2010-06-08,48215.48,25001,1546,45523.11,28736.0,13093.79,7769.0,20415.92,14606.0,24428.980000000003,14634.42857142857,Tuesday,6,23,8
2010-06-09,36508.94,24843,1172,48215.48,25001.0,13714.76,11289.0,29586.64,18023.0,27685.29142857143,16570.714285714286,Wednesday,6,23,9
2010-06-10,18009.12,9677,987,36508.94,24843.0,26644.63,16947.0,29221.670000000002,17496.0,26451.647142857142,15532.142857142857,Thursday,6,23,10
2010-06-11,30835.29,20517,1351,18009.12,9677.0,11447.73,6389.0,18569.88,12005.0,29221.298571428575,17550.428571428572,Friday,6,23,11
2010-06-12,0.0,0,0,30835.29,20517.0,0.0,0.0,0.0,0.0,29221.298571428575,17550.428571428572,Saturday,6,23,12
2010-06-13,21147.77,10942,1401,0.0,0.0,25457.15,14079.0,10702.97,6204.0,28605.67285714286,17102.285714285714,Sunday,6,23,13
2010-06-14,21317.37,15586,1169,21147.77,10942.0,45523.11,28736.0,0.0,0.0,25147.710000000003,15223.714285714286,Monday,6,24,14
2010-06-15,26937.46,18633,1087,21317.37,15586.0,48215.48,25001.0,13093.79,7769.0,22107.992857142857,14314.0,Tuesday,6,24,15
2010-06-16,29229.94,18495,1603,26937.46,18633.0,36508.94,24843.0,13714.76,11289.0,21068.135714285716,13407.142857142857,Wednesday,6,24,16
2010-06-17,22635.35,12892,1561,29229.94,18495.0,18009.12,9677.0,26644.63,16947.0,21729.02571428571,13866.42857142857,Thursday,6,24,17
2010-06-18,17788.69,9315,805,22635.35,12892.0,30835.29,20517.0,11447.73,6389.0,19865.225714285716,12266.142857142857,Friday,6,24,18
2010-06-19,0.0,0,0,17788.69,9315.0,0.0,0.0,0.0,0.0,19865.225714285716,12266.142857142857,Saturday,6,24,19
2010-06-20,9078.58,4487,432,0.0,0.0,21147.77,10942.0,25457.15,14079.0,18141.055714285718,11344.0,Sunday,6,24,20
2010-06-21,18116.21,11305,1402,9078.58,4487.0,21317.37,15586.0,45523.11,28736.0,17683.747142857144,10732.42857142857,Monday,6,25,21
2010-06-22,12414.03,6355,713,18116.21,11305.0,26937.46,18633.0,48215.48,25001.0,15608.971428571429,8978.42857142857,Tuesday,6,25,22
2010-06-23,25098.239999999998,15489,825,12414.03,6355.0,29229.94,18495.0,36508.94,24843.0,15018.728571428572,8549.0,Wednesday,6,25,23
2010-06-24,17217.85,9410,896,25098.239999999998,15489.0,22635.35,12892.0,18009.12,9677.0,14244.800000000001,8051.571428571428,Thursday,6,25,24
2010-06-25,12371.59,6502,657,17217.85,9410.0,17788.69,9315.0,30835.29,20517.0,13470.92857142857,7649.714285714285,Friday,6,25,25
2010-06-26,0.0,0,0,12371.59,6502.0,0.0,0.0,0.0,0.0,13470.92857142857,7649.714285714285,Saturday,6,25,26
2010-06-27,18706.92,10851,1227,0.0,0.0,9078.58,4487.0,21147.77,10942.0,14846.405714285715,8558.857142857143,Sunday,6,25,27
2010-06-28,51132.78,33808,1479,18706.92,10851.0,18116.21,11305.0,21317.37,15586.0,19563.058571428573,11773.57142857143,Monday,6,26,28
2010-06-29,32236.920000000002,20301,1250,51132.78,33808.0,12414.03,6355.0,26937.46,18633.0,22394.9,13765.857142857143,Tuesday,6,26,29
2010-06-30,31491.43,20254,1456,32236.920000000002,20301.0,25098.239999999998,15489.0,29229.94,18495.0,23308.21285714286,14446.57142857143,Wednesday,6,26,30
2010-07-01,28830.02,16217,1653,31491.43,20254.0,17217.85,9410.0,22635.35,12892.0,24967.094285714287,15419.0,Thursday,7,26,1
2010-07-02,16726.13,8599,1012,28830.02,16217.0,12371.59,6502.0,17788.69,9315.0,25589.17142857143,15718.57142857143,Friday,7,26,2
2010-07-03,0.0,0,0,16726.13,8599.0,0.0,0.0,0.0,0.0,25589.17142857143,15718.57142857143,Saturday,7,26,3
2010-07-04,10376.29,5302,648,0.0,0.0,18706.92,10851.0,9078.58,4487.0,24399.08142857143,14925.857142857143,Sunday,7,26,4
2010-07-05,30963.57,16155,1682,10376.29,5302.0,51132.78,33808.0,18116.21,11305.0,21517.765714285717,12404.0,Monday,7,27,5
2010-07-06,19917.28,11148,715,30963.57,16155.0,32236.920000000002,20301.0,12414.03,6355.0,19757.817142857148,11096.42857142857,Tuesday,7,27,6
2010-07-07,24902.95,13410,1095,19917.28,11148.0,31491.43,20254.0,25098.239999999998,15489.0,18816.605714285717,10118.714285714286,Wednesday,7,27,7
2010-07-08,19973.45,11697,1267,24902.95,13410.0,28830.02,16217.0,17217.85,9410.0,17551.381428571432,9473.0,Thursday,7,27,8
2010-07-09,33408.64,13024,485,19973.45,11697.0,16726.13,8599.0,12371.59,6502.0,19934.597142857147,10105.142857142857,Friday,7,27,9
2010-07-10,0.0,0,0,33408.64,13024.0,0.0,0.0,0.0,0.0,19934.597142857147,10105.142857142857,Saturday,7,27,10
2010-07-11,7609.23,5711,647,0.0,0.0,10376.29,5302.0,18706.92,10851.0,19539.302857142862,10163.57142857143,Sunday,7,27,11
2010-07-12,16101.17,8861,893,7609.23,5711.0,30963.57,16155.0,51132.78,33808.0,17416.102857142858,9121.57142857143,Monday,7,28,12
2010-07-13,17419.12,8822,788,16101.17,8861.0,19917.28,11148.0,32236.920000000002,20301.0,17059.22285714286,8789.285714285714,Tuesday,7,28,13
2010-07-14,19418.63,12055,969,17419.12,8822.0,24902.95,13410.0,31491.43,20254.0,16275.748571428572,8595.714285714286,Wednesday,7,28,14
2010-07-15,55836.91,27673,1443,19418.63,12055.0,19973.45,11697.0,28830.02,16217.0,21399.100000000002,10878.0,Thursday,7,28,15
2010-07-16,21137.76,14039,930,55836.91,27673.0,33408.64,13024.0,16726.13,8599.0,19646.117142857143,11023.0,Friday,7,28,16
2010-07-17,0.0,0,0,21137.76,14039.0,0.0,0.0,0.0,0.0,19646.117142857143,11023.0,Saturday,7,28,17
2010-07-18,14581.99,9382,847,0.0,0.0,7609.23,5711.0,10376.29,5302.0,20642.225714285716,11547.42857142857,Sunday,7,28,18
2010-07-19,28611.56,18120,1191,14581.99,9382.0,16101.17,8861.0,30963.57,16155.0,22429.42428571429,12870.142857142857,Monday,7,29,19
2010-07-20,23124.39,11707,955,28611.56,18120.0,17419.12,8822.0,19917.28,11148.0,23244.46285714286,13282.285714285714,Tuesday,7,29,20
2010-07-21,19142.73,12555,912,23124.39,11707.0,19418.63,12055.0,24902.95,13410.0,23205.048571428575,13353.714285714286,Wednesday,7,29,21
2010-07-22,21620.39,13161,1134,19142.73,12555.0,55836.91,27673.0,19973.45,11697.0,18316.97428571429,11280.57142857143,Thursday,7,29,22
2010-07-23,23886.329999999998,12828,847,21620.39,13161.0,21137.76,14039.0,33408.64,13024.0,18709.627142857145,11107.57142857143,Friday,7,29,23
2010-07-24,0.0,0,0,23886.329999999998,12828.0,0.0,0.0,0.0,0.0,18709.627142857145,11107.57142857143,Saturday,7,29,24
2010-07-25,17230.6,11531,1231,0.0,0.0,14581.99,9382.0,7609.23,5711.0,19088.0,11414.57142857143,Sunday,7,29,25
2010-07-26,20232.85,14216,1073,17230.6,11531.0,28611.56,18120.0,16101.17,8861.0,17891.04142857143,10856.857142857143,Monday,7,30,26
2010-07-27,28265.86,14179,988,20232.85,14216.0,23124.39,11707.0,17419.12,8822.0,18625.537142857145,11210.0,Tuesday,7,30,27
2010-07-28,23252.72,13351,1294,28265.86,14179.0,19142.73,12555.0,19418.63,12055.0,19212.678571428572,11323.714285714286,Wednesday,7,30,28
2010-07-29,32801.91,12799,1365,23252.72,13351.0,21620.39,13161.0,55836.91,27673.0,20810.038571428573,11272.0,Thursday,7,30,29
2010-07-30,14363.69,8090,579,32801.91,12799.0,23886.329999999998,12828.0,21137.76,14039.0,19449.661428571428,10595.142857142857,Friday,7,30,30
2010-07-31,0.0,0,0,14363.69,8090.0,0.0,0.0,0.0,0.0,19449.661428571428,10595.142857142857,Saturday,7,30,31
2010-08-01,30637.95,9702,862,0.0,0.0,17230.6,11531.0,14581.99,9382.0,21364.997142857144,10333.857142857143,Sunday,8,30,1
2010-08-02,26124.16,11762,1049,30637.95,9702.0,20232.85,14216.0,28611.56,18120.0,22206.61285714286,9983.285714285714,Monday,8,31,2
2010-08-03,22362.79,15479,1046,26124.16,11762.0,28265.86,14179.0,23124.39,11707.0,21363.317142857148,10169.0,Tuesday,8,31,3
2010-08-04,17555.5,10923,996,22362.79,15479.0,23252.72,13351.0,19142.73,12555.0,20549.428571428576,9822.142857142857,Wednesday,8,31,4
2010-08-05,23145.06,16453,1187,17555.5,10923.0,32801.91,12799.0,21620.39,13161.0,19169.878571428573,10344.142857142857,Thursday,8,31,5
2010-08-06,14728.15,9731,483,23145.06,16453.0,14363.69,8090.0,23886.329999999998,12828.0,19221.94428571429,10578.57142857143,Friday,8,31,6
2010-08-07,0.0,0,0,14728.15,9731.0,0.0,0.0,0.0,0.0,19221.94428571429,10578.57142857143,Saturday,8,31,7
2010-08-08,13950.71,8116,868,0.0,0.0,30637.95,9702.0,17230.6,11531.0,16838.05285714286,10352.0,Sunday,8,31,8
2010-08-09,31336.59,100084,857,13950.71,8116.0,26124.16,11762.0,20232.85,14216.0,17582.685714285715,22969.428571428572,Monday,8,32,9
2010-08-10,28209.74,18426,911,31336.59,100084.0,22362.79,15479.0,28265.86,14179.0,18417.964285714286,23390.428571428572,Tuesday,8,32,10
2010-08-11,18629.86,7532,700,28209.74,18426.0,17555.5,10923.0,23252.72,13351.0,18571.44428571429,22906.0,Wednesday,8,32,11
2010-08-12,26031.28,17702,1468,18629.86,7532.0,23145.06,16453.0,32801.91,12799.0,18983.76142857143,23084.428571428572,Thursday,8,32,12
2010-08-13,15150.14,12562,785,26031.28,17702.0,14728.15,9731.0,14363.69,8090.0,19044.045714285716,23488.85714285714,Friday,8,32,13
2010-08-14,0.0,0,0,15150.14,12562.0,0.0,0.0,0.0,0.0,19044.045714285716,23488.85714285714,Saturday,8,32,14
2010-08-15,20484.46,16575,956,0.0,0.0,13950.71,8116.0,30637.95,9702.0,19977.43857142857,24697.285714285714,Sunday,8,32,15
2010-08-16,14270.74,10076,734,20484.46,16575.0,31336.59,100084.0,26124.16,11762.0,17539.460000000003,11839.0,Monday,8,33,16
2010-08-17,28802.52,18060,782,14270.74,10076.0,28209.74,18426.0,22362.79,15479.0,17624.14285714286,11786.714285714286,Tuesday,8,33,17
2010-08-18,35122.520000000004,22420,1362,28802.52,18060.0,18629.86,7532.0,17555.5,10923.0,19980.237142857146,13913.57142857143,Wednesday,8,33,18
2010-08-19,30663.35,22152,1290,35122.520000000004,22420.0,26031.28,17702.0,23145.06,16453.0,20641.96142857143,14549.285714285714,Thursday,8,33,19
2010-08-20,23250.77,18521,1012,30663.35,22152.0,15150.14,12562.0,14728.15,9731.0,21799.19428571429,15400.57142857143,Friday,8,33,20
2010-08-21,0.0,0,0,23250.77,18521.0,0.0,0.0,0.0,0.0,21799.19428571429,15400.57142857143,Saturday,8,33,21
2010-08-22,22677.010000000002,13884,1346,0.0,0.0,20484.46,16575.0,13950.71,8116.0,22112.41571428572,15016.142857142857,Sunday,8,33,22
2010-08-23,20655.35,12896,1002,22677.010000000002,13884.0,14270.74,10076.0,31336.59,100084.0,23024.50285714286,15419.0,Monday,8,34,23
2010-08-24,26577.16,18872,1038,20655.35,12896.0,28802.52,18060.0,28209.74,18426.0,22706.59428571429,15535.0,Tuesday,8,34,24
2010-08-25,30466.76,17238,1419,26577.16,18872.0,35122.520000000004,22420.0,18629.86,7532.0,22041.485714285718,14794.714285714286,Wednesday,8,34,25
2010-08-26,31964.34,16961,1317,30466.76,17238.0,30663.35,22152.0,26031.28,17702.0,22227.34142857143,14053.142857142857,Thursday,8,34,26
2010-08-27,12166.64,6611,637,31964.34,16961.0,23250.77,18521.0,15150.14,12562.0,20643.894285714287,12351.714285714286,Friday,8,34,27
2010-08-28,0.0,0,0,12166.64,6611.0,0.0,0.0,0.0,0.0,20643.894285714287,12351.714285714286,Saturday,8,34,28
2010-08-29,14449.3,8766,801,0.0,0.0,22677.010000000002,13884.0,20484.46,16575.0,19468.507142857146,11620.57142857143,Sunday,8,34,29
2010-08-30,0.0,0,0,14449.3,8766.0,20655.35,12896.0,14270.74,10076.0,16517.742857142857,9778.285714285714,Monday,8,35,30
2010-08-31,22811.75,11038,1121,0.0,0.0,26577.16,18872.0,28802.52,18060.0,15979.827142857144,8659.142857142857,Tuesday,8,35,31
2010-09-01,20351.36,11835,644,22811.75,11038.0,30466.76,17238.0,35122.520000000004,22420.0,14534.770000000002,7887.285714285715,Wednesday,9,35,1
2010-09-02,33430.57,21102,1270,20351.36,11835.0,31964.34,16961.0,30663.35,22152.0,14744.231428571433,8478.857142857143,Thursday,9,35,2
2010-09-03,34739.159999999996,30598,764,33430.57,21102.0,12166.64,6611.0,23250.77,18521.0,17968.877142857145,11905.57142857143,Friday,9,35,3
2010-09-04,0.0,0,0,34739.159999999996,30598.0,0.0,0.0,0.0,0.0,17968.877142857145,11905.57142857143,Saturday,9,35,4
2010-09-05,12286.710000000001,7222,797,0.0,0.0,14449.3,8766.0,22677.010000000002,13884.0,17659.935714285715,11685.0,Sunday,9,35,5
2010-09-06,23717.79,14951,1074,12286.710000000001,7222.0,0.0,0.0,20655.35,12896.0,21048.191428571434,13820.857142857143,Monday,9,36,6
2010-09-07,24397.45,14936,815,23717.79,14951.0,22811.75,11038.0,26577.16,18872.0,21274.72,14377.714285714286,Tuesday,9,36,7
2010-09-08,16175.22,9924,954,24397.45,14936.0,20351.36,11835.0,30466.76,17238.0,20678.128571428573,14104.714285714286,Wednesday,9,36,8
2010-09-09,23526.38,12862,1450,16175.22,9924.0,33430.57,21102.0,31964.34,16961.0,19263.24428571429,12927.57142857143,Thursday,9,36,9
2010-09-10,15988.35,9905,799,23526.38,12862.0,34739.159999999996,30598.0,12166.64,6611.0,16584.557142857146,9971.42857142857,Friday,9,36,10
2010-09-11,0.0,0,0,15988.35,9905.0,0.0,0.0,0.0,0.0,16584.557142857146,9971.42857142857,Saturday,9,36,11
2010-09-12,15528.75,9278,1271,0.0,0.0,12286.710000000001,7222.0,14449.3,8766.0,17047.705714285716,10265.142857142857,Sunday,9,36,12
2010-09-13,32892.16,27446,1353,15528.75,9278.0,23717.79,14951.0,0.0,0.0,18358.330000000005,12050.142857142857,Monday,9,37,13
2010-09-14,19705.02,11071,1122,32892.16,27446.0,24397.45,14936.0,22811.75,11038.0,17687.98285714286,11498.0,Tuesday,9,37,14
2010-09-15,33812.4,21295,1272,19705.02,11071.0,16175.22,9924.0,20351.36,11835.0,20207.579999999998,13122.42857142857,Wednesday,9,37,15
2010-09-16,27099.271,14409,1568,33812.4,21295.0,23526.38,12862.0,33430.57,21102.0,20717.993,13343.42857142857,Thursday,9,37,16
2010-09-17,19486.54,11401,921,27099.271,14409.0,15988.35,9905.0,34739.159999999996,30598.0,21217.734428571428,13557.142857142857,Friday,9,37,17
2010-09-18,0.0,0,0,19486.54,11401.0,0.0,0.0,0.0,0.0,21217.734428571428,13557.142857142857,Saturday,9,37,18
2010-09-19,22783.53,13649,1909,0.0,0.0,15528.75,9278.0,12286.710000000001,7222.0,22254.131571428577,14181.57142857143,Sunday,9,37,19
2010-09-20,38563.96,24263,1361,22783.53,13649.0,32892.16,27446.0,23717.79,14951.0,23064.388714285717,13726.857142857143,Monday,9,38,20
2010-09-21,54698.89,35197,1956,38563.96,24263.0,19705.02,11071.0,24397.45,14936.0,28063.513000000003,17173.428571428572,Tuesday,9,38,21
2010-09-22,27208.8,14065,1121,54698.89,35197.0,33812.4,21295.0,16175.22,9924.0,27120.141571428572,16140.57142857143,Wednesday,9,38,22
2010-09-23,34305.1,20697,1751,27208.8,14065.0,27099.271,14409.0,23526.38,12862.0,28149.545714285716,17038.85714285714,Thursday,9,38,23
2010-09-24,47106.39,27622,1302,34305.1,20697.0,19486.54,11401.0,15988.35,9905.0,32095.238571428574,19356.14285714286,Friday,9,38,24
2010-09-25,0.0,0,0,47106.39,27622.0,0.0,0.0,0.0,0.0,32095.238571428574,19356.14285714286,Saturday,9,38,25
2010-09-26,21703.9,13359,1405,0.0,0.0,22783.53,13649.0,15528.75,9278.0,31941.005714285715,19314.714285714286,Sunday,9,38,26
2010-09-27,115172.24,124721,1813,21703.9,13359.0,38563.96,24263.0,32892.16,27446.0,42885.04571428573,33665.857142857145,Monday,9,39,27
2010-09-28,40015.41,22204,2065,115172.24,124721.0,54698.89,35197.0,19705.02,11071.0,40787.40571428572,31809.714285714286,Tuesday,9,39,28
2010-09-29,36740.03,20250,1631,40015.41,22204.0,27208.8,14065.0,33812.4,21295.0,42149.01000000001,32693.285714285714,Wednesday,9,39,29
2010-09-30,37578.57,22891,1740,36740.03,20250.0,34305.1,20697.0,27099.271,14409.0,42616.64857142857,33006.71428571428,Thursday,9,39,30
2010-10-01,34550.89,21567,1381,37578.57,22891.0,47106.39,27622.0,19486.54,11401.0,40823.00571428572,32141.714285714286,Friday,10,39,1
2010-10-02,0.0,0,0,34550.89,21567.0,0.0,0.0,0.0,0.0,40823.00571428572,32141.714285714286,Saturday,10,39,2
2010-10-03,38335.52,20272,2148,0.0,0.0,21703.9,13359.0,22783.53,13649.0,43198.95142857143,33129.28571428572,Sunday,10,39,3
2010-10-04,34956.56,22556,1568,38335.52,20272.0,115172.24,124721.0,38563.96,24263.0,31739.568571428576,18534.285714285714,Monday,10,40,4
2010-10-05,55108.91,34051,2373,34956.56,22556.0,40015.41,22204.0,54698.89,35197.0,33895.78285714286,20226.714285714286,Tuesday,10,40,5
2010-10-06,30355.010000000002,21523,1237,55108.91,34051.0,36740.03,20250.0,27208.8,14065.0,32983.637142857144,20408.571428571428,Wednesday,10,40,6
2010-10-07,47610.92,28267,2803,30355.010000000002,21523.0,37578.57,22891.0,34305.1,20697.0,34416.83,21176.571428571428,Thursday,10,40,7
2010-10-08,51836.73,39626,1489,47610.92,28267.0,34550.89,21567.0,47106.39,27622.0,36886.235714285714,23756.428571428572,Friday,10,40,8
2010-10-09,0.0,0,0,51836.73,39626.0,0.0,0.0,0.0,0.0,36886.235714285714,23756.428571428572,Saturday,10,40,9
2010-10-10,23139.31,12412,1702,0.0,0.0,38335.52,20272.0,21703.9,13359.0,34715.34857142858,22633.571428571428,Sunday,10,40,10
2010-10-11,39962.9,23986,1976,23139.31,12412.0,34956.56,22556.0,115172.24,124721.0,35430.54000000001,22837.85714285714,Monday,10,41,11
2010-10-12,46566.35,28703,1961,39962.9,23986.0,55108.91,34051.0,40015.41,22204.0,34210.174285714296,22073.85714285714,Tuesday,10,41,12
2010-10-13,51564.7,39725,1922,46566.35,28703.0,30355.010000000002,21523.0,36740.03,20250.0,37240.130000000005,24674.14285714286,Wednesday,10,41,13
2010-10-14,86945.13,37066,1942,51564.7,39725.0,47610.92,28267.0,37578.57,22891.0,42859.30285714286,25931.14285714286,Thursday,10,41,14
2010-10-15,42398.82,20610,1734,86945.13,37066.0,51836.73,39626.0,34550.89,21567.0,41511.030000000006,23214.571428571428,Friday,10,41,15
2010-10-16,0.0,0,0,42398.82,20610.0,0.0,0.0,0.0,0.0,41511.030000000006,23214.571428571428,Saturday,10,41,16
2010-10-17,31176.14,18342,2579,0.0,0.0,23139.31,12412.0,38335.52,20272.0,42659.14857142857,24061.714285714286,Sunday,10,41,17
2010-10-18,36591.44,18509,2063,31176.14,18342.0,39962.9,23986.0,34956.56,22556.0,42177.51142857143,23279.285714285714,Monday,10,42,18
2010-10-19,46577.64,26330,1765,36591.44,18509.0,46566.35,28703.0,55108.91,34051.0,42179.124285714286,22940.285714285714,Tuesday,10,42,19
2010-10-20,43387.26,23589,2169,46577.64,26330.0,51564.7,39725.0,30355.010000000002,21523.0,41010.91857142858,20635.14285714286,Wednesday,10,42,20
2010-10-21,32847.8,15231,1783,43387.26,23589.0,86945.13,37066.0,47610.92,28267.0,33282.728571428575,17515.85714285714,Thursday,10,42,21
2010-10-22,32843.94,21524,1526,32847.8,15231.0,42398.82,20610.0,51836.73,39626.0,31917.74571428572,17646.428571428572,Friday,10,42,22
2010-10-23,0.0,0,0,32843.94,21524.0,0.0,0.0,0.0,0.0,31917.74571428572,17646.428571428572,Saturday,10,42,23
2010-10-24,28634.59,15444,2310,0.0,0.0,31176.14,18342.0,23139.31,12412.0,31554.66714285715,17232.428571428572,Sunday,10,42,24
2010-10-25,27945.06,14106,1652,28634.59,15444.0,36591.44,18509.0,39962.9,23986.0,30319.470000000005,16603.428571428572,Monday,10,43,25
2010-10-26,42545.95,25020,1998,27945.06,14106.0,46577.64,26330.0,46566.35,28703.0,29743.51428571429,16416.285714285714,Tuesday,10,43,26
2010-10-27,30480.55,15563,1548,42545.95,25020.0,43387.26,23589.0,51564.7,39725.0,27899.698571428573,15269.714285714286,Wednesday,10,43,27
2010-10-28,30701.3,13564,1162,30480.55,15563.0,32847.8,15231.0,86945.13,37066.0,27593.055714285718,15031.57142857143,Thursday,10,43,28
2010-10-29,36100.95,22499,1326,30701.3,13564.0,32843.94,21524.0,42398.82,20610.0,28058.34285714286,15170.857142857143,Friday,10,43,29
2010-10-30,0.0,0,0,36100.95,22499.0,0.0,0.0,0.0,0.0,28058.34285714286,15170.857142857143,Saturday,10,43,30
2010-10-31,29947.64,16347,2606,0.0,0.0,28634.59,15444.0,31176.14,18342.0,28245.92142857143,15299.857142857143,Sunday,10,43,31
2010-11-01,20730.24,12325,1340,29947.64,16347.0,27945.06,14106.0,36591.44,18509.0,27215.232857142862,15045.42857142857,Monday,11,44,1
2010-11-02,42866.91,23626,1918,20730.24,12325.0,42545.95,25020.0,46577.64,26330.0,27261.08428571429,14846.285714285714,Tuesday,11,44,2
2010-11-03,42870.87,23025,1696,42866.91,23626.0,30480.55,15563.0,43387.26,23589.0,29031.130000000005,15912.285714285714,Wednesday,11,44,3
2010-11-04,83876.12,58902,2936,42870.87,23025.0,30701.3,13564.0,32847.8,15231.0,36627.53285714286,22389.14285714286,Thursday,11,44,4
2010-11-05,40907.93,19838,1421,83876.12,58902.0,36100.95,22499.0,32843.94,21524.0,37314.24428571429,22009.0,Friday,11,44,5
2010-11-06,0.0,0,0,40907.93,19838.0,0.0,0.0,0.0,0.0,37314.24428571429,22009.0,Saturday,11,44,6
2010-11-07,31345.79,18341,2685,0.0,0.0,29947.64,16347.0,28634.59,15444.0,37513.979999999996,22293.85714285714,Sunday,11,44,7
2010-11-08,32303.991,18193,1709,31345.79,18341.0,20730.24,12325.0,27945.06,14106.0,39167.37300000001,23132.14285714286,Monday,11,45,8
2010-11-09,53013.21,32781,2491,32303.991,18193.0,42866.91,23626.0,42545.95,25020.0,40616.84442857143,24440.0,Tuesday,11,45,9
2010-11-10,73575.93000000001,33426,2667,53013.21,32781.0,42870.87,23025.0,30480.55,15563.0,45003.281571428575,25925.85714285714,Wednesday,11,45,10
2010-11-11,59712.61,33217,2685,73575.93000000001,33426.0,83876.12,58902.0,30701.3,13564.0,41551.351571428575,22256.571428571428,Thursday,11,45,11
2010-11-12,36167.25,20025,1725,59712.61,33217.0,40907.93,19838.0,36100.95,22499.0,40874.111571428584,22283.285714285714,Friday,11,45,12
2010-11-13,0.0,0,0,36167.25,20025.0,0.0,0.0,0.0,0.0,40874.111571428584,22283.285714285714,Saturday,11,45,13
2010-11-14,27934.71,16462,2613,0.0,0.0,31345.79,18341.0,29947.64,16347.0,40386.81442857144,22014.85714285714,Sunday,11,45,14
2010-11-15,42964.04,21740,2388,27934.71,16462.0,32303.991,18193.0,20730.24,12325.0,41909.67857142857,22521.571428571428,Monday,11,46,15
2010-11-16,63788.840000000004,37378,2601,42964.04,21740.0,53013.21,32781.0,42866.91,23626.0,43449.054285714294,23178.285714285714,Tuesday,11,46,16
2010-11-17,45726.741,27327,2183,63788.840000000004,37378.0,73575.93000000001,33426.0,42870.87,23025.0,39470.59871428572,22307.0,Wednesday,11,46,17
2010-11-18,37074.97,19353,2011,45726.741,27327.0,59712.61,33217.0,83876.12,58902.0,36236.65014285715,20326.428571428572,Thursday,11,46,18
2010-11-19,39999.42,23892,2088,37074.97,19353.0,36167.25,20025.0,40907.93,19838.0,36784.103,20878.85714285714,Friday,11,46,19
2010-11-20,0.0,0,0,39999.42,23892.0,0.0,0.0,0.0,0.0,36784.103,20878.85714285714,Saturday,11,46,20
2010-11-21,32056.05,17985,3151,0.0,0.0,27934.71,16462.0,31345.79,18341.0,37372.86585714286,21096.428571428572,Sunday,11,46,21
2010-11-22,31724.88,16898,1931,32056.05,17985.0,42964.04,21740.0,32303.991,18193.0,35767.27157142858,20404.714285714286,Monday,11,47,22
2010-11-23,49805.35,24919,2647,31724.88,16898.0,63788.840000000004,37378.0,53013.21,32781.0,33769.630142857146,18624.85714285714,Tuesday,11,47,23
2010-11-24,41138.6,24336,2189,49805.35,24919.0,45726.741,27327.0,73575.93000000001,33426.0,33114.18142857143,18197.571428571428,Wednesday,11,47,24
2010-11-25,67870.96,36908,2938,41138.6,24336.0,37074.97,19353.0,59712.61,33217.0,37513.60857142857,20705.428571428572,Thursday,11,47,25
2010-11-26,28828.04,14797,1837,67870.96,36908.0,39999.42,23892.0,36167.25,20025.0,35917.69714285715,19406.14285714286,Friday,11,47,26
2010-11-27,0.0,0,0,28828.04,14797.0,0.0,0.0,0.0,0.0,35917.69714285715,19406.14285714286,Saturday,11,47,27
2010-11-28,27125.16,16290,2471,0.0,0.0,32056.05,17985.0,27934.71,16462.0,35213.28428571429,19164.0,Sunday,11,47,28
2010-11-29,63245.18,36434,2480,27125.16,16290.0,31724.88,16898.0,42964.04,21740.0,39716.18428571429,21954.85714285714,Monday,11,48,29
2010-11-30,49806.23,24650,2104,63245.18,36434.0,49805.35,24919.0,63788.840000000004,37378.0,39716.310000000005,21916.428571428572,Tuesday,11,48,30
2010-12-01,46192.49,24114,1898,49806.23,24650.0,41138.6,24336.0,45726.741,27327.0,40438.29428571429,21884.714285714286,Wednesday,12,48,1
2010-12-02,47197.57,31077,1959,46192.49,24114.0,67870.96,36908.0,37074.97,19353.0,37484.95285714286,21051.714285714286,Thursday,12,48,2
2010-12-03,23876.63,11798,1086,47197.57,31077.0,28828.04,14797.0,39999.42,23892.0,36777.60857142858,20623.285714285714,Friday,12,48,3
2010-12-04,0.0,0,0,23876.63,11798.0,0.0,0.0,0.0,0.0,36777.60857142858,20623.285714285714,Saturday,12,48,4
2010-12-05,31361.28,16241,2602,0.0,0.0,27125.16,16290.0,32056.05,17985.0,37382.768571428576,20616.285714285714,Sunday,12,48,5
2010-12-06,31009.33,16115,1897,31361.28,16241.0,63245.18,36434.0,31724.88,16898.0,32777.647142857146,17713.571428571428,Monday,12,49,6
2010-12-07,53730.96,19404,1094,31009.33,16115.0,49806.23,24650.0,49805.35,24919.0,33338.322857142855,16964.14285714286,Tuesday,12,49,7
2010-12-08,39094.2,21497,1909,53730.96,19404.0,46192.49,24114.0,41138.6,24336.0,32324.281428571434,16590.285714285714,Wednesday,12,49,8
2010-12-09,38193.91,17383,1739,39094.2,21497.0,47197.57,31077.0,67870.96,36908.0,31038.044285714288,14634.0,Thursday,12,49,9
